movimiento_id,numero_cuenta,fecha,descripcion,monto,tipo,canal,ubicacion
MOV-0000001,191-9450993-0-54,2026-06-29,Farmacia Pacha,-829.24,CARGO,TRANSFERENCIA_DIFERIDA,San Juan de Lurigancho
MOV-0000002,191-9450993-0-54,2026-08-05,Grifo Wayra,-630.67,CARGO,INTIPAY,Chorrillos
MOV-0000003,191-9450993-0-54,2026-08-25,Transferencia P2P,-251.48,CARGO,APP,Lince
MOV-0000004,191-9450993-0-54,2026-07-13,Botica Sumaq,-973.48,CARGO,TRANSFERENCIA_DIFERIDA,Villa El Salvador
MOV-0000005,191-9450993-0-54,2026-07-08,Ferretería Nexo,-129.38,CARGO,APP,La Molina
MOV-0000006,191-9450993-0-54,2026-08-17,StreamAndina,-535.1,CARGO,POS,Miraflores
MOV-0000007,191-9450993-0-54,2026-06-08,Cine Estelar,-583.54,CARGO,TRANSFERENCIA_DIFERIDA,Villa El Salvador
MOV-0000008,191-9450993-0-54,2026-07-01,Cine Estelar,-1063.28,CARGO,TRANSFERENCIA_INMEDIATA,Independencia
MOV-0000009,191-9450993-0-54,2026-07-29,Supermercado Kori,826.28,ABONO,APP,EN_LINEA
MOV-0000010,191-9450993-0-54,2026-07-12,Botica Sumaq,-206.96,CARGO,WEB,San Miguel
MOV-0000011,191-1658456-0-62,2026-06-27,Grifo Wayra,-230.37,CARGO,INTIPAY,Lince
MOV-0000012,191-1658456-0-62,2026-06-22,Mercado Inti,-493.52,CARGO,TRANSFERENCIA_INMEDIATA,Independencia
MOV-0000013,191-1658456-0-62,2026-09-04,Supermercado Kori,1271.84,ABONO,INTIPAY,San Miguel
MOV-0000014,191-1658456-0-62,2026-08-14,Ferretería Nexo,1382.41,ABONO,ATM,Magdalena del Mar
MOV-0000015,191-1658456-0-62,2026-06-19,Ferretería Nexo,522.68,ABONO,WEB,Callao
MOV-0000016,191-1658456-0-62,2026-07-19,StreamAndina,-1112.07,CARGO,INTIPAY,La Molina
MOV-0000017,191-1658456-0-62,2026-08-12,Cine Estelar,-654.25,CARGO,INTIPAY,EN_LINEA
MOV-0000018,191-1658456-0-62,2026-07-02,StreamAndina,-638.92,CARGO,ATM,Magdalena del Mar
MOV-0000019,191-1658456-0-62,2026-08-01,Botica Sumaq,-166.92,CARGO,WEB,San Isidro
MOV-0000020,191-1658456-0-62,2026-08-21,Cajero Banco Inti,124.05,ABONO,POS,La Molina
MOV-0000021,191-8933261-0-97,2026-08-15,Grifo Wayra,-648.96,CARGO,TRANSFERENCIA_DIFERIDA,EN_LINEA
MOV-0000022,191-8933261-0-97,2026-08-16,Delivery Ñam,-1287.34,CARGO,APP,Ate
MOV-0000023,191-8933261-0-97,2026-07-05,Delivery Ñam,-985.81,CARGO,POS,EN_LINEA
MOV-0000024,191-8933261-0-97,2026-08-17,Café Andino,1230.11,ABONO,APP,Miraflores
MOV-0000025,191-8933261-0-97,2026-08-20,Tienda Aurora,-228.87,CARGO,ATM,Comas
MOV-0000026,191-8933261-0-97,2026-07-28,StreamAndina,-553.67,CARGO,APP,San Miguel
MOV-0000027,191-8933261-0-97,2026-08-30,StreamAndina,-755.3,CARGO,APP,Callao
MOV-0000028,191-8933261-0-97,2026-08-20,Delivery Ñam,-1393.59,CARGO,APP,Ate
MOV-0000029,191-8933261-0-97,2026-08-06,Farmacia Pacha,-231.62,CARGO,WEB,Magdalena del Mar
MOV-0000030,191-8933261-0-97,2026-08-15,StreamAndina,-355.09,CARGO,POS,EN_LINEA
MOV-0000031,191-8933261-0-97,2026-08-20,Botica Sumaq,-172.54,CARGO,TRANSFERENCIA_INMEDIATA,Chorrillos
MOV-0000032,191-8933261-0-97,2026-07-11,Grifo Wayra,-1268.96,CARGO,APP,Lince
MOV-0000033,191-2971485-0-31,2026-09-04,Farmacia Pacha,-675.81,CARGO,INTIPAY,San Juan de Lurigancho
MOV-0000034,191-2971485-0-31,2026-08-10,Café Andino,-78.11,CARGO,INTIPAY,EN_LINEA
MOV-0000035,191-2971485-0-31,2026-06-26,Mercado Inti,1288.32,ABONO,POS,Magdalena del Mar
MOV-0000036,191-2971485-0-31,2026-07-21,Café Andino,-195.03,CARGO,ATM,EN_LINEA
MOV-0000037,191-2971485-0-31,2026-06-25,StreamAndina,797.92,ABONO,POS,La Molina
MOV-0000038,191-2971485-0-31,2026-07-07,TaxiYa,-16.74,CARGO,ATM,Jesús María
MOV-0000039,191-2971485-0-31,2026-07-28,Mercado Inti,-236.53,CARGO,APP,EN_LINEA
MOV-0000040,191-2971485-0-31,2026-07-09,TaxiYa,1337.94,ABONO,TRANSFERENCIA_INMEDIATA,Surquillo
MOV-0000041,191-2971485-0-31,2026-06-19,Grifo Wayra,-424.63,CARGO,APP,Magdalena del Mar
MOV-0000042,191-2971485-0-31,2026-08-17,Café Andino,-54.67,CARGO,TRANSFERENCIA_INMEDIATA,Los Olivos
MOV-0000043,191-6407061-0-12,2026-07-31,Ferretería Nexo,1286.46,ABONO,TRANSFERENCIA_INMEDIATA,Callao
MOV-0000044,191-6407061-0-12,2026-08-28,Ferretería Nexo,-88.63,CARGO,POS,Jesús María
MOV-0000045,191-6407061-0-12,2026-07-06,Mercado Inti,929.75,ABONO,TRANSFERENCIA_DIFERIDA,San Miguel
MOV-0000046,191-6407061-0-12,2026-07-17,Farmacia Pacha,-996.8,CARGO,POS,Magdalena del Mar
MOV-0000047,191-6407061-0-12,2026-08-31,Cajero Banco Inti,-840.12,CARGO,TRANSFERENCIA_DIFERIDA,EN_LINEA
MOV-0000048,191-6407061-0-12,2026-06-24,Farmacia Pacha,-1203.75,CARGO,WEB,La Molina
MOV-0000049,191-6407061-0-12,2026-09-02,Café Andino,-868.11,CARGO,WEB,San Juan de Lurigancho
MOV-0000050,191-6407061-0-12,2026-08-09,Ferretería Nexo,-986.87,CARGO,APP,EN_LINEA
MOV-0000051,191-6407061-0-12,2026-07-30,Grifo Wayra,-1190.89,CARGO,INTIPAY,EN_LINEA
MOV-0000052,191-6407061-0-12,2026-08-17,Grifo Wayra,989.57,ABONO,TRANSFERENCIA_DIFERIDA,EN_LINEA
MOV-0000053,191-6407061-0-12,2026-07-03,Café Andino,-787.99,CARGO,TRANSFERENCIA_INMEDIATA,San Miguel
MOV-0000054,191-6407061-0-12,2026-07-13,Minimarket Tumi,-452.97,CARGO,ATM,Independencia
MOV-0000055,191-6407061-0-12,2026-08-09,Farmacia Pacha,-571.01,CARGO,INTIPAY,EN_LINEA
MOV-0000056,191-6407061-0-12,2026-07-27,StreamAndina,740.61,ABONO,TRANSFERENCIA_INMEDIATA,EN_LINEA
MOV-0000057,191-9893276-0-77,2026-07-23,Ferretería Nexo,-1262.76,CARGO,TRANSFERENCIA_INMEDIATA,EN_LINEA
MOV-0000058,191-9893276-0-77,2026-08-20,Transferencia P2P,-477.72,CARGO,INTIPAY,San Juan de Lurigancho
MOV-0000059,191-9893276-0-77,2026-07-17,Farmacia Pacha,-963.02,CARGO,TRANSFERENCIA_DIFERIDA,San Borja
MOV-0000060,191-9893276-0-77,2026-07-24,Cine Estelar,-511.29,CARGO,TRANSFERENCIA_DIFERIDA,EN_LINEA
MOV-0000061,191-9893276-0-77,2026-06-17,Café Andino,-203.24,CARGO,ATM,La Molina
MOV-0000062,191-9893276-0-77,2026-07-31,Botica Sumaq,326.81,ABONO,POS,Jesús María
MOV-0000063,191-9893276-0-77,2026-06-13,Cine Estelar,-655.05,CARGO,TRANSFERENCIA_INMEDIATA,Villa El Salvador
MOV-0000064,191-9893276-0-77,2026-06-27,Botica Sumaq,1148.11,ABONO,POS,Callao
MOV-0000065,191-9893276-0-77,2026-08-04,Cine Estelar,-432.59,CARGO,POS,Independencia
MOV-0000066,191-2277795-0-93,2026-07-30,Delivery Ñam,-1365.61,CARGO,TRANSFERENCIA_INMEDIATA,Magdalena del Mar
MOV-0000067,191-2277795-0-93,2026-09-02,Cajero Banco Inti,-1237.34,CARGO,INTIPAY,EN_LINEA
MOV-0000068,191-2277795-0-93,2026-07-05,Café Andino,-1214.57,CARGO,TRANSFERENCIA_DIFERIDA,San Isidro
MOV-0000069,191-2277795-0-93,2026-08-31,Delivery Ñam,-1001.96,CARGO,WEB,San Miguel
MOV-0000070,191-2277795-0-93,2026-07-17,Café Andino,-281.41,CARGO,ATM,EN_LINEA
MOV-0000071,191-2277795-0-93,2026-07-22,Farmacia Pacha,-1107.92,CARGO,INTIPAY,Jesús María
MOV-0000072,191-2277795-0-93,2026-08-29,Grifo Wayra,-567.78,CARGO,TRANSFERENCIA_DIFERIDA,EN_LINEA
MOV-0000073,191-2277795-0-93,2026-07-14,Grifo Wayra,-1203.01,CARGO,INTIPAY,Miraflores
MOV-0000074,191-2277795-0-93,2026-08-26,Grifo Wayra,668.72,ABONO,TRANSFERENCIA_INMEDIATA,EN_LINEA
MOV-0000075,191-2277795-0-93,2026-07-28,Grifo Wayra,-642.24,CARGO,ATM,Magdalena del Mar
MOV-0000076,191-2277795-0-93,2026-09-03,Mercado Inti,743.08,ABONO,TRANSFERENCIA_INMEDIATA,EN_LINEA
MOV-0000077,191-2488683-0-90,2026-08-03,Cajero Banco Inti,-105.17,CARGO,INTIPAY,San Juan de Lurigancho
MOV-0000078,191-2488683-0-90,2026-08-13,StreamAndina,-484.06,CARGO,INTIPAY,San Isidro
MOV-0000079,191-2488683-0-90,2026-07-08,Ferretería Nexo,566.45,ABONO,TRANSFERENCIA_INMEDIATA,Villa El Salvador
MOV-0000080,191-2488683-0-90,2026-07-06,Mercado Inti,-1221.29,CARGO,WEB,Santiago de Surco
MOV-0000081,191-2488683-0-90,2026-06-25,Cajero Banco Inti,-183.53,CARGO,ATM,Los Olivos
MOV-0000082,191-2488683-0-90,2026-08-02,Tienda Aurora,-678.28,CARGO,WEB,San Borja
MOV-0000083,191-2488683-0-90,2026-07-10,Botica Sumaq,-1372.0,CARGO,APP,Independencia
MOV-0000084,191-2488683-0-90,2026-08-01,Ferretería Nexo,-1099.51,CARGO,APP,San Borja
MOV-0000085,191-2488683-0-90,2026-07-21,Cajero Banco Inti,-754.88,CARGO,TRANSFERENCIA_INMEDIATA,Pueblo Libre
MOV-0000086,191-2488683-0-90,2026-07-12,Cajero Banco Inti,-772.2,CARGO,WEB,Surquillo
MOV-0000087,191-2488683-0-90,2026-06-18,Botica Sumaq,-325.33,CARGO,INTIPAY,Barranco
MOV-0000088,191-2488683-0-90,2026-07-31,Supermercado Kori,-241.62,CARGO,APP,EN_LINEA
MOV-0000089,191-2488683-0-90,2026-08-21,Transferencia P2P,-162.62,CARGO,APP,Santiago de Surco
MOV-0000090,191-2488683-0-90,2026-07-09,Ferretería Nexo,533.41,ABONO,TRANSFERENCIA_DIFERIDA,Barranco
MOV-0000091,191-7024321-0-84,2026-08-11,Ferretería Nexo,-613.6,CARGO,TRANSFERENCIA_DIFERIDA,EN_LINEA
MOV-0000092,191-7024321-0-84,2026-08-11,Mercado Inti,-790.28,CARGO,POS,EN_LINEA
MOV-0000093,191-7024321-0-84,2026-08-18,Ferretería Nexo,-249.87,CARGO,INTIPAY,San Isidro
MOV-0000094,191-7024321-0-84,2026-09-03,Transferencia P2P,-1294.87,CARGO,POS,San Juan de Lurigancho
MOV-0000095,191-7024321-0-84,2026-07-24,Cajero Banco Inti,-1011.2,CARGO,TRANSFERENCIA_INMEDIATA,EN_LINEA
MOV-0000096,191-7024321-0-84,2026-07-06,TaxiYa,-560.58,CARGO,WEB,San Miguel
MOV-0000097,191-7024321-0-84,2026-07-01,Supermercado Kori,-1099.92,CARGO,INTIPAY,Santiago de Surco
MOV-0000098,191-7024321-0-84,2026-08-02,Tienda Aurora,-232.49,CARGO,ATM,Chorrillos
MOV-0000099,191-7024321-0-84,2026-07-01,Tienda Aurora,1061.2,ABONO,INTIPAY,EN_LINEA
MOV-0000100,191-7024321-0-84,2026-06-11,Cajero Banco Inti,-1177.5,CARGO,APP,EN_LINEA
MOV-0000101,191-7024321-0-84,2026-06-17,Minimarket Tumi,-515.78,CARGO,APP,Comas
MOV-0000102,191-7024321-0-84,2026-06-15,Mercado Inti,-836.13,CARGO,ATM,EN_LINEA
MOV-0000103,191-7024321-0-84,2026-06-07,StreamAndina,-189.38,CARGO,WEB,Santiago de Surco
MOV-0000104,191-6964308-0-64,2026-08-25,Cine Estelar,-594.99,CARGO,TRANSFERENCIA_DIFERIDA,Santiago de Surco
MOV-0000105,191-6964308-0-64,2026-06-15,Ferretería Nexo,881.13,ABONO,POS,EN_LINEA
MOV-0000106,191-6964308-0-64,2026-08-25,Farmacia Pacha,-500.91,CARGO,APP,Callao
MOV-0000107,191-6964308-0-64,2026-06-25,Delivery Ñam,1064.93,ABONO,ATM,Comas
MOV-0000108,191-6964308-0-64,2026-07-19,Ferretería Nexo,-1049.45,CARGO,WEB,Pueblo Libre
MOV-0000109,191-6964308-0-64,2026-08-27,Grifo Wayra,-158.69,CARGO,POS,Pueblo Libre
MOV-0000110,191-6964308-0-64,2026-07-21,Transferencia P2P,-298.77,CARGO,TRANSFERENCIA_INMEDIATA,San Borja
MOV-0000111,191-6964308-0-64,2026-07-14,Supermercado Kori,953.28,ABONO,TRANSFERENCIA_DIFERIDA,Miraflores
MOV-0000112,191-6964308-0-64,2026-08-09,Cine Estelar,685.59,ABONO,INTIPAY,EN_LINEA
MOV-0000113,191-2275088-0-33,2026-07-13,Mercado Inti,-429.52,CARGO,INTIPAY,EN_LINEA
MOV-0000114,191-2275088-0-33,2026-09-01,Ferretería Nexo,-1096.92,CARGO,TRANSFERENCIA_INMEDIATA,EN_LINEA
MOV-0000115,191-2275088-0-33,2026-06-17,Farmacia Pacha,-494.91,CARGO,ATM,Barranco
MOV-0000116,191-2275088-0-33,2026-06-24,Minimarket Tumi,-434.33,CARGO,TRANSFERENCIA_INMEDIATA,EN_LINEA
MOV-0000117,191-2275088-0-33,2026-09-01,Mercado Inti,278.83,ABONO,APP,EN_LINEA
MOV-0000118,191-2275088-0-33,2026-06-20,Mercado Inti,-17.11,CARGO,TRANSFERENCIA_DIFERIDA,Independencia
MOV-0000119,191-2275088-0-33,2026-07-19,Café Andino,-359.81,CARGO,TRANSFERENCIA_DIFERIDA,Barranco
MOV-0000120,191-2275088-0-33,2026-07-11,Botica Sumaq,-1258.83,CARGO,ATM,Lince
MOV-0000121,191-2275088-0-33,2026-08-12,Botica Sumaq,-1145.91,CARGO,APP,EN_LINEA
MOV-0000122,191-2275088-0-33,2026-07-15,Cajero Banco Inti,-1299.52,CARGO,APP,Ate
MOV-0000123,191-2275088-0-33,2026-08-11,Botica Sumaq,-60.89,CARGO,APP,EN_LINEA
MOV-0000124,191-2275088-0-33,2026-06-18,Farmacia Pacha,-323.06,CARGO,TRANSFERENCIA_DIFERIDA,Callao
MOV-0000125,191-2729849-0-86,2026-09-04,Delivery Ñam,-1161.12,CARGO,POS,Surquillo
MOV-0000126,191-2729849-0-86,2026-08-05,Botica Sumaq,1106.13,ABONO,TRANSFERENCIA_DIFERIDA,EN_LINEA
MOV-0000127,191-2729849-0-86,2026-08-04,Supermercado Kori,-529.67,CARGO,APP,Independencia
MOV-0000128,191-2729849-0-86,2026-08-08,Grifo Wayra,-255.68,CARGO,TRANSFERENCIA_INMEDIATA,Lince
MOV-0000129,191-2729849-0-86,2026-07-17,Grifo Wayra,-335.86,CARGO,TRANSFERENCIA_INMEDIATA,EN_LINEA
MOV-0000130,191-2729849-0-86,2026-08-08,Tienda Aurora,-1360.36,CARGO,INTIPAY,EN_LINEA
MOV-0000131,191-2729849-0-86,2026-07-01,Café Andino,-702.87,CARGO,POS,EN_LINEA
MOV-0000132,191-8674750-0-78,2026-06-10,Minimarket Tumi,1335.63,ABONO,INTIPAY,Pueblo Libre
MOV-0000133,191-8674750-0-78,2026-07-01,StreamAndina,-683.48,CARGO,INTIPAY,EN_LINEA
MOV-0000134,191-8674750-0-78,2026-08-11,Cajero Banco Inti,1308.87,ABONO,ATM,San Juan de Lurigancho
MOV-0000135,191-8674750-0-78,2026-07-27,Mercado Inti,-686.26,CARGO,ATM,EN_LINEA
MOV-0000136,191-8674750-0-78,2026-08-10,Farmacia Pacha,333.09,ABONO,TRANSFERENCIA_DIFERIDA,San Juan de Lurigancho
MOV-0000137,191-8674750-0-78,2026-08-11,Minimarket Tumi,-465.12,CARGO,ATM,Independencia
MOV-0000138,191-8674750-0-78,2026-07-22,Tienda Aurora,-439.55,CARGO,INTIPAY,Magdalena del Mar
MOV-0000139,191-8674750-0-78,2026-08-21,Transferencia P2P,-506.58,CARGO,TRANSFERENCIA_DIFERIDA,EN_LINEA
MOV-0000140,191-8674750-0-78,2026-07-04,Supermercado Kori,-656.27,CARGO,ATM,La Molina
MOV-0000141,191-8674750-0-78,2026-06-21,Café Andino,-1180.48,CARGO,POS,EN_LINEA
MOV-0000142,191-8674750-0-78,2026-08-13,Farmacia Pacha,-1358.97,CARGO,INTIPAY,Surquillo
MOV-0000143,191-8674750-0-78,2026-06-28,Grifo Wayra,-935.75,CARGO,TRANSFERENCIA_DIFERIDA,Los Olivos
MOV-0000144,191-8674750-0-78,2026-09-01,Ferretería Nexo,-789.8,CARGO,POS,Callao
MOV-0000145,191-8674750-0-78,2026-09-04,Supermercado Kori,1379.35,ABONO,TRANSFERENCIA_DIFERIDA,Independencia
MOV-0000146,191-8058129-0-48,2026-07-12,Delivery Ñam,-1110.39,CARGO,WEB,La Molina
MOV-0000147,191-8058129-0-48,2026-09-02,StreamAndina,-1114.96,CARGO,WEB,Surquillo
MOV-0000148,191-8058129-0-48,2026-06-22,Minimarket Tumi,-300.69,CARGO,TRANSFERENCIA_DIFERIDA,EN_LINEA
MOV-0000149,191-8058129-0-48,2026-07-28,Transferencia P2P,-10.79,CARGO,TRANSFERENCIA_DIFERIDA,Ate
MOV-0000150,191-8058129-0-48,2026-08-17,Mercado Inti,-762.46,CARGO,TRANSFERENCIA_INMEDIATA,EN_LINEA
MOV-0000151,191-8058129-0-48,2026-06-11,Café Andino,1278.84,ABONO,TRANSFERENCIA_INMEDIATA,EN_LINEA
MOV-0000152,191-8058129-0-48,2026-07-17,Farmacia Pacha,1309.46,ABONO,WEB,EN_LINEA
MOV-0000153,191-8058129-0-48,2026-08-10,Supermercado Kori,-1131.44,CARGO,WEB,Ate
MOV-0000154,191-8058129-0-48,2026-06-07,Transferencia P2P,-630.54,CARGO,TRANSFERENCIA_DIFERIDA,San Miguel
MOV-0000155,191-8058129-0-48,2026-06-20,Minimarket Tumi,-200.7,CARGO,TRANSFERENCIA_DIFERIDA,EN_LINEA
MOV-0000156,191-8058129-0-48,2026-09-01,Farmacia Pacha,-510.2,CARGO,APP,Barranco
MOV-0000157,191-8058129-0-48,2026-07-21,Café Andino,314.37,ABONO,WEB,EN_LINEA
MOV-0000158,191-8058129-0-48,2026-07-05,Grifo Wayra,475.71,ABONO,WEB,Independencia
MOV-0000159,191-8058129-0-48,2026-08-08,Delivery Ñam,-950.37,CARGO,TRANSFERENCIA_INMEDIATA,Independencia
MOV-0000160,191-6362380-0-90,2026-07-15,Grifo Wayra,325.76,ABONO,INTIPAY,Independencia
MOV-0000161,191-6362380-0-90,2026-08-19,Minimarket Tumi,331.18,ABONO,ATM,Callao
MOV-0000162,191-6362380-0-90,2026-08-18,StreamAndina,1247.15,ABONO,TRANSFERENCIA_DIFERIDA,San Borja
MOV-0000163,191-6362380-0-90,2026-07-27,Ferretería Nexo,-484.64,CARGO,ATM,Magdalena del Mar
MOV-0000164,191-6362380-0-90,2026-09-01,Grifo Wayra,475.93,ABONO,INTIPAY,Comas
MOV-0000165,191-6362380-0-90,2026-06-12,Mercado Inti,904.3,ABONO,APP,Pueblo Libre
MOV-0000166,191-6362380-0-90,2026-08-02,StreamAndina,-291.85,CARGO,POS,EN_LINEA
MOV-0000167,191-6362380-0-90,2026-07-18,TaxiYa,264.26,ABONO,WEB,Chorrillos
MOV-0000168,191-6362380-0-90,2026-08-04,Cine Estelar,-170.5,CARGO,ATM,Chorrillos
MOV-0000169,191-1623162-0-60,2026-08-27,Supermercado Kori,986.27,ABONO,INTIPAY,EN_LINEA
MOV-0000170,191-1623162-0-60,2026-07-17,StreamAndina,-14.37,CARGO,ATM,Callao
MOV-0000171,191-1623162-0-60,2026-07-31,Transferencia P2P,475.26,ABONO,ATM,EN_LINEA
MOV-0000172,191-1623162-0-60,2026-07-25,Mercado Inti,-782.62,CARGO,APP,EN_LINEA
MOV-0000173,191-1623162-0-60,2026-08-07,Transferencia P2P,1348.95,ABONO,APP,Los Olivos
MOV-0000174,191-1623162-0-60,2026-09-04,Minimarket Tumi,-597.82,CARGO,WEB,EN_LINEA
MOV-0000175,191-1623162-0-60,2026-07-15,Café Andino,-1324.41,CARGO,WEB,Barranco
MOV-0000176,191-1623162-0-60,2026-06-12,Cajero Banco Inti,-902.64,CARGO,TRANSFERENCIA_INMEDIATA,EN_LINEA
MOV-0000177,191-1623162-0-60,2026-07-02,Delivery Ñam,-95.31,CARGO,INTIPAY,La Molina
MOV-0000178,191-1623162-0-60,2026-08-22,Botica Sumaq,-564.33,CARGO,INTIPAY,Los Olivos
MOV-0000179,191-1769840-0-24,2026-09-04,Café Andino,1378.29,ABONO,WEB,Lince
MOV-0000180,191-1769840-0-24,2026-08-29,Cajero Banco Inti,254.78,ABONO,TRANSFERENCIA_INMEDIATA,EN_LINEA
MOV-0000181,191-1769840-0-24,2026-07-07,TaxiYa,-1187.97,CARGO,TRANSFERENCIA_DIFERIDA,Independencia
MOV-0000182,191-1769840-0-24,2026-08-06,Cine Estelar,-798.36,CARGO,ATM,Ate
MOV-0000183,191-1769840-0-24,2026-07-22,Minimarket Tumi,-1039.48,CARGO,TRANSFERENCIA_DIFERIDA,Lince
MOV-0000184,191-1769840-0-24,2026-09-04,Café Andino,1084.25,ABONO,TRANSFERENCIA_INMEDIATA,Villa El Salvador
MOV-0000185,191-1769840-0-24,2026-06-18,Tienda Aurora,888.1,ABONO,ATM,Magdalena del Mar
MOV-0000186,191-4595004-0-93,2026-07-25,Mercado Inti,-1080.32,CARGO,APP,Lince
MOV-0000187,191-4595004-0-93,2026-08-31,Ferretería Nexo,-960.3,CARGO,TRANSFERENCIA_INMEDIATA,Chorrillos
MOV-0000188,191-4595004-0-93,2026-06-17,Farmacia Pacha,-596.02,CARGO,TRANSFERENCIA_DIFERIDA,Chorrillos
MOV-0000189,191-4595004-0-93,2026-08-02,Mercado Inti,-1344.55,CARGO,APP,San Isidro
MOV-0000190,191-4595004-0-93,2026-08-04,Delivery Ñam,-866.63,CARGO,TRANSFERENCIA_INMEDIATA,Barranco
MOV-0000191,191-4595004-0-93,2026-07-08,Farmacia Pacha,-504.23,CARGO,INTIPAY,San Borja
MOV-0000192,191-4595004-0-93,2026-08-14,Café Andino,-963.35,CARGO,ATM,Callao
MOV-0000193,191-5902903-0-89,2026-06-16,Delivery Ñam,-1195.92,CARGO,TRANSFERENCIA_DIFERIDA,Independencia
MOV-0000194,191-5902903-0-89,2026-07-19,Transferencia P2P,-314.94,CARGO,TRANSFERENCIA_INMEDIATA,Barranco
MOV-0000195,191-5902903-0-89,2026-06-09,Cine Estelar,-475.04,CARGO,POS,Magdalena del Mar
MOV-0000196,191-5902903-0-89,2026-06-17,Mercado Inti,-885.14,CARGO,WEB,Magdalena del Mar
MOV-0000197,191-5902903-0-89,2026-07-08,Supermercado Kori,-48.53,CARGO,ATM,EN_LINEA
MOV-0000198,191-5902903-0-89,2026-06-20,Transferencia P2P,-1070.24,CARGO,APP,EN_LINEA
MOV-0000199,191-5902903-0-89,2026-08-10,Café Andino,-192.05,CARGO,INTIPAY,Comas
MOV-0000200,191-5902903-0-89,2026-06-25,Ferretería Nexo,-1044.2,CARGO,TRANSFERENCIA_DIFERIDA,La Molina
MOV-0000201,191-5902903-0-89,2026-08-25,StreamAndina,926.74,ABONO,INTIPAY,Jesús María
MOV-0000202,191-6918966-0-46,2026-08-01,Delivery Ñam,-411.65,CARGO,TRANSFERENCIA_DIFERIDA,San Borja
MOV-0000203,191-6918966-0-46,2026-08-30,Supermercado Kori,678.62,ABONO,POS,Surquillo
MOV-0000204,191-6918966-0-46,2026-07-31,Ferretería Nexo,-1260.71,CARGO,ATM,EN_LINEA
MOV-0000205,191-6918966-0-46,2026-06-14,Minimarket Tumi,442.3,ABONO,WEB,La Molina
MOV-0000206,191-6918966-0-46,2026-07-13,Botica Sumaq,-1137.71,CARGO,POS,Chorrillos
MOV-0000207,191-6918966-0-46,2026-09-04,Farmacia Pacha,-656.23,CARGO,POS,EN_LINEA
MOV-0000208,191-6918966-0-46,2026-08-21,Botica Sumaq,705.53,ABONO,POS,Jesús María
MOV-0000209,191-6918966-0-46,2026-06-08,Cajero Banco Inti,355.88,ABONO,TRANSFERENCIA_INMEDIATA,Villa El Salvador
MOV-0000210,191-6918966-0-46,2026-08-11,Delivery Ñam,-111.7,CARGO,POS,EN_LINEA
MOV-0000211,191-1716491-0-97,2026-07-31,Transferencia P2P,-1379.06,CARGO,INTIPAY,EN_LINEA
MOV-0000212,191-1716491-0-97,2026-08-19,Tienda Aurora,-1018.41,CARGO,TRANSFERENCIA_INMEDIATA,Ate
MOV-0000213,191-1716491-0-97,2026-08-26,Tienda Aurora,-437.89,CARGO,WEB,Surquillo
MOV-0000214,191-1716491-0-97,2026-06-10,Minimarket Tumi,-568.39,CARGO,APP,EN_LINEA
MOV-0000215,191-1716491-0-97,2026-07-01,Delivery Ñam,-1179.67,CARGO,TRANSFERENCIA_INMEDIATA,EN_LINEA
MOV-0000216,191-1716491-0-97,2026-06-15,Farmacia Pacha,-11.86,CARGO,TRANSFERENCIA_DIFERIDA,Ate
MOV-0000217,191-1716491-0-97,2026-08-13,Tienda Aurora,315.28,ABONO,TRANSFERENCIA_INMEDIATA,Independencia
MOV-0000218,191-4560474-0-32,2026-06-09,Mercado Inti,-430.56,CARGO,WEB,EN_LINEA
MOV-0000219,191-4560474-0-32,2026-07-07,Cine Estelar,-425.5,CARGO,POS,Chorrillos
MOV-0000220,191-4560474-0-32,2026-08-29,Transferencia P2P,-1169.69,CARGO,TRANSFERENCIA_INMEDIATA,Los Olivos
MOV-0000221,191-4560474-0-32,2026-08-25,Café Andino,-30.67,CARGO,ATM,Los Olivos
MOV-0000222,191-4560474-0-32,2026-06-21,Supermercado Kori,-127.8,CARGO,APP,Independencia
MOV-0000223,191-4560474-0-32,2026-09-01,StreamAndina,-825.55,CARGO,TRANSFERENCIA_INMEDIATA,San Borja
MOV-0000224,191-4560474-0-32,2026-07-17,Tienda Aurora,1116.65,ABONO,INTIPAY,EN_LINEA
MOV-0000225,191-4560474-0-32,2026-07-06,Minimarket Tumi,-1094.51,CARGO,TRANSFERENCIA_DIFERIDA,San Juan de Lurigancho
MOV-0000226,191-4560474-0-32,2026-06-17,Grifo Wayra,-326.31,CARGO,INTIPAY,Pueblo Libre
MOV-0000227,191-5006692-0-92,2026-06-19,TaxiYa,861.66,ABONO,POS,Magdalena del Mar
MOV-0000228,191-5006692-0-92,2026-07-15,Café Andino,649.91,ABONO,INTIPAY,Chorrillos
MOV-0000229,191-5006692-0-92,2026-08-27,Cine Estelar,347.17,ABONO,ATM,Miraflores
MOV-0000230,191-5006692-0-92,2026-06-13,Cajero Banco Inti,-13.1,CARGO,APP,Chorrillos
MOV-0000231,191-5006692-0-92,2026-08-16,StreamAndina,-201.89,CARGO,TRANSFERENCIA_DIFERIDA,Callao
MOV-0000232,191-5006692-0-92,2026-06-08,Café Andino,-1207.77,CARGO,TRANSFERENCIA_DIFERIDA,EN_LINEA
MOV-0000233,191-5006692-0-92,2026-06-23,Cajero Banco Inti,-601.92,CARGO,POS,Ate
MOV-0000234,191-5006692-0-92,2026-08-30,Botica Sumaq,-1350.99,CARGO,APP,EN_LINEA
MOV-0000235,191-5006692-0-92,2026-07-01,Farmacia Pacha,-435.35,CARGO,INTIPAY,San Isidro
MOV-0000236,191-5006692-0-92,2026-07-13,Botica Sumaq,-743.57,CARGO,TRANSFERENCIA_INMEDIATA,Comas
MOV-0000237,191-5006692-0-92,2026-08-27,Ferretería Nexo,-294.98,CARGO,POS,Callao
MOV-0000238,191-5006692-0-92,2026-08-28,Minimarket Tumi,-116.52,CARGO,TRANSFERENCIA_DIFERIDA,EN_LINEA
MOV-0000239,191-5874843-0-11,2026-07-11,Café Andino,186.43,ABONO,POS,Lince
MOV-0000240,191-5874843-0-11,2026-07-27,Grifo Wayra,776.65,ABONO,ATM,EN_LINEA
MOV-0000241,191-5874843-0-11,2026-06-23,Delivery Ñam,-1153.07,CARGO,APP,Santiago de Surco
MOV-0000242,191-5874843-0-11,2026-08-01,Cine Estelar,-1277.07,CARGO,TRANSFERENCIA_DIFERIDA,Independencia
MOV-0000243,191-5874843-0-11,2026-07-21,Transferencia P2P,-972.9,CARGO,TRANSFERENCIA_INMEDIATA,EN_LINEA
MOV-0000244,191-5874843-0-11,2026-06-10,Mercado Inti,642.62,ABONO,TRANSFERENCIA_DIFERIDA,Santiago de Surco
MOV-0000245,191-5874843-0-11,2026-07-16,Ferretería Nexo,-462.66,CARGO,TRANSFERENCIA_DIFERIDA,Lince
MOV-0000246,191-5874843-0-11,2026-06-19,Minimarket Tumi,-905.08,CARGO,APP,Chorrillos
MOV-0000247,191-5874843-0-11,2026-07-02,Café Andino,-284.92,CARGO,POS,Ate
MOV-0000248,191-5874843-0-11,2026-07-15,Café Andino,81.18,ABONO,WEB,Surquillo
MOV-0000249,191-5874843-0-11,2026-07-06,Transferencia P2P,170.1,ABONO,TRANSFERENCIA_INMEDIATA,Barranco
MOV-0000250,191-5874843-0-11,2026-07-12,Farmacia Pacha,-1223.99,CARGO,APP,EN_LINEA
MOV-0000251,191-5874843-0-11,2026-08-14,Café Andino,-130.1,CARGO,TRANSFERENCIA_DIFERIDA,Miraflores
MOV-0000252,191-3400825-0-60,2026-08-24,TaxiYa,-618.72,CARGO,POS,Magdalena del Mar
MOV-0000253,191-3400825-0-60,2026-07-03,Grifo Wayra,-796.48,CARGO,TRANSFERENCIA_DIFERIDA,Surquillo
MOV-0000254,191-3400825-0-60,2026-06-26,Supermercado Kori,-572.31,CARGO,WEB,San Juan de Lurigancho
MOV-0000255,191-3400825-0-60,2026-08-29,Mercado Inti,-1048.48,CARGO,POS,Villa El Salvador
MOV-0000256,191-3400825-0-60,2026-07-01,Cine Estelar,186.97,ABONO,APP,San Miguel
MOV-0000257,191-3400825-0-60,2026-07-28,Delivery Ñam,-870.53,CARGO,ATM,EN_LINEA
MOV-0000258,191-2238952-0-17,2026-07-02,Café Andino,-877.43,CARGO,ATM,Jesús María
MOV-0000259,191-2238952-0-17,2026-08-22,Cine Estelar,-1242.54,CARGO,TRANSFERENCIA_DIFERIDA,EN_LINEA
MOV-0000260,191-2238952-0-17,2026-06-16,Mercado Inti,-349.4,CARGO,WEB,EN_LINEA
MOV-0000261,191-2238952-0-17,2026-08-28,Cine Estelar,-88.01,CARGO,TRANSFERENCIA_INMEDIATA,Miraflores
MOV-0000262,191-2238952-0-17,2026-08-25,StreamAndina,-402.36,CARGO,WEB,Lince
MOV-0000263,191-2238952-0-17,2026-06-26,Cajero Banco Inti,-1125.64,CARGO,ATM,Magdalena del Mar
MOV-0000264,191-2238952-0-17,2026-07-24,StreamAndina,156.56,ABONO,POS,Surquillo
MOV-0000265,191-4550502-0-89,2026-06-21,Grifo Wayra,-1268.55,CARGO,INTIPAY,EN_LINEA
MOV-0000266,191-4550502-0-89,2026-06-30,Botica Sumaq,-1335.3,CARGO,TRANSFERENCIA_DIFERIDA,Lince
MOV-0000267,191-4550502-0-89,2026-08-18,Tienda Aurora,-285.75,CARGO,INTIPAY,San Isidro
MOV-0000268,191-4550502-0-89,2026-08-16,Farmacia Pacha,-383.03,CARGO,POS,Jesús María
MOV-0000269,191-4550502-0-89,2026-08-25,TaxiYa,-301.13,CARGO,INTIPAY,San Miguel
MOV-0000270,191-4550502-0-89,2026-07-30,Farmacia Pacha,-118.04,CARGO,WEB,EN_LINEA
MOV-0000271,191-4550502-0-89,2026-06-27,Delivery Ñam,-1275.05,CARGO,APP,Villa El Salvador
MOV-0000272,191-1094797-0-32,2026-08-19,Transferencia P2P,-1193.45,CARGO,INTIPAY,EN_LINEA
MOV-0000273,191-1094797-0-32,2026-07-22,Minimarket Tumi,-885.27,CARGO,ATM,EN_LINEA
MOV-0000274,191-1094797-0-32,2026-08-16,Grifo Wayra,715.68,ABONO,ATM,Magdalena del Mar
MOV-0000275,191-1094797-0-32,2026-07-20,Cajero Banco Inti,-920.64,CARGO,TRANSFERENCIA_DIFERIDA,Ate
MOV-0000276,191-1094797-0-32,2026-07-23,Farmacia Pacha,-1278.48,CARGO,TRANSFERENCIA_DIFERIDA,Independencia
MOV-0000277,191-1094797-0-32,2026-08-07,Minimarket Tumi,711.31,ABONO,TRANSFERENCIA_INMEDIATA,EN_LINEA
MOV-0000278,191-1094797-0-32,2026-08-28,Supermercado Kori,-1132.61,CARGO,APP,Barranco
MOV-0000279,191-1094797-0-32,2026-06-16,Farmacia Pacha,701.22,ABONO,TRANSFERENCIA_DIFERIDA,EN_LINEA
MOV-0000280,191-1094797-0-32,2026-06-10,Café Andino,737.22,ABONO,TRANSFERENCIA_DIFERIDA,Magdalena del Mar
MOV-0000281,191-1094797-0-32,2026-06-21,Botica Sumaq,-960.25,CARGO,TRANSFERENCIA_DIFERIDA,La Molina
MOV-0000282,191-1094797-0-32,2026-07-21,Mercado Inti,520.28,ABONO,TRANSFERENCIA_DIFERIDA,Chorrillos
MOV-0000283,191-1094797-0-32,2026-08-13,Minimarket Tumi,-1228.33,CARGO,ATM,Barranco
MOV-0000284,191-5460542-0-97,2026-07-31,Supermercado Kori,708.08,ABONO,TRANSFERENCIA_INMEDIATA,EN_LINEA
MOV-0000285,191-5460542-0-97,2026-08-26,Café Andino,-75.48,CARGO,WEB,EN_LINEA
MOV-0000286,191-5460542-0-97,2026-06-18,Delivery Ñam,936.99,ABONO,ATM,Callao
MOV-0000287,191-5460542-0-97,2026-08-25,Cine Estelar,22.18,ABONO,TRANSFERENCIA_DIFERIDA,EN_LINEA
MOV-0000288,191-5460542-0-97,2026-07-09,Mercado Inti,15.48,ABONO,TRANSFERENCIA_INMEDIATA,San Borja
MOV-0000289,191-5460542-0-97,2026-09-02,Delivery Ñam,-1008.87,CARGO,ATM,EN_LINEA
MOV-0000290,191-5460542-0-97,2026-07-08,Supermercado Kori,-1377.95,CARGO,INTIPAY,Barranco
MOV-0000291,191-5460542-0-97,2026-07-13,Supermercado Kori,-118.29,CARGO,APP,Ate
MOV-0000292,191-5460542-0-97,2026-09-03,StreamAndina,481.62,ABONO,TRANSFERENCIA_INMEDIATA,EN_LINEA
MOV-0000293,191-5543090-0-41,2026-08-22,Grifo Wayra,-1393.58,CARGO,INTIPAY,EN_LINEA
MOV-0000294,191-5543090-0-41,2026-08-13,Cine Estelar,-715.89,CARGO,INTIPAY,Villa El Salvador
MOV-0000295,191-5543090-0-41,2026-07-17,Farmacia Pacha,919.24,ABONO,ATM,Comas
MOV-0000296,191-5543090-0-41,2026-08-13,Farmacia Pacha,404.61,ABONO,TRANSFERENCIA_DIFERIDA,Ate
MOV-0000297,191-5543090-0-41,2026-07-30,Café Andino,-654.71,CARGO,APP,EN_LINEA
MOV-0000298,191-5543090-0-41,2026-06-22,Transferencia P2P,-1049.76,CARGO,INTIPAY,EN_LINEA
MOV-0000299,191-5543090-0-41,2026-08-15,Grifo Wayra,-898.54,CARGO,TRANSFERENCIA_DIFERIDA,Lince
MOV-0000300,191-5543090-0-41,2026-08-03,Botica Sumaq,-1177.78,CARGO,POS,Ate
MOV-0000301,191-7838895-0-48,2026-06-18,Farmacia Pacha,-893.18,CARGO,POS,Pueblo Libre
MOV-0000302,191-7838895-0-48,2026-07-31,StreamAndina,-441.64,CARGO,ATM,EN_LINEA
MOV-0000303,191-7838895-0-48,2026-08-17,Transferencia P2P,-641.18,CARGO,APP,San Isidro
MOV-0000304,191-7838895-0-48,2026-07-02,Transferencia P2P,-504.86,CARGO,ATM,EN_LINEA
MOV-0000305,191-7838895-0-48,2026-06-18,Cine Estelar,-1176.21,CARGO,INTIPAY,San Juan de Lurigancho
MOV-0000306,191-7838895-0-48,2026-06-18,Ferretería Nexo,312.05,ABONO,WEB,EN_LINEA
MOV-0000307,191-7838895-0-48,2026-08-25,Transferencia P2P,-471.96,CARGO,ATM,EN_LINEA
MOV-0000308,191-7838895-0-48,2026-07-09,Tienda Aurora,-706.81,CARGO,APP,San Juan de Lurigancho
MOV-0000309,191-7051319-0-57,2026-08-11,Minimarket Tumi,894.08,ABONO,POS,Pueblo Libre
MOV-0000310,191-7051319-0-57,2026-08-21,Grifo Wayra,-1125.35,CARGO,POS,EN_LINEA
MOV-0000311,191-7051319-0-57,2026-07-13,Grifo Wayra,-1394.7,CARGO,TRANSFERENCIA_INMEDIATA,Pueblo Libre
MOV-0000312,191-7051319-0-57,2026-07-25,Minimarket Tumi,-972.93,CARGO,TRANSFERENCIA_DIFERIDA,Santiago de Surco
MOV-0000313,191-7051319-0-57,2026-08-02,Cine Estelar,-1256.69,CARGO,TRANSFERENCIA_INMEDIATA,Independencia
MOV-0000314,191-7051319-0-57,2026-07-07,Farmacia Pacha,-301.56,CARGO,ATM,Barranco
MOV-0000315,191-7051319-0-57,2026-07-30,TaxiYa,-1181.84,CARGO,TRANSFERENCIA_DIFERIDA,EN_LINEA
MOV-0000316,191-7051319-0-57,2026-06-12,Café Andino,-973.24,CARGO,ATM,EN_LINEA
MOV-0000317,191-7051319-0-57,2026-06-21,Grifo Wayra,925.37,ABONO,ATM,San Juan de Lurigancho
MOV-0000318,191-7051319-0-57,2026-07-18,Grifo Wayra,-779.57,CARGO,TRANSFERENCIA_DIFERIDA,EN_LINEA
MOV-0000319,191-6647756-0-77,2026-07-14,Farmacia Pacha,-819.5,CARGO,APP,Villa El Salvador
MOV-0000320,191-6647756-0-77,2026-07-18,Mercado Inti,-1179.13,CARGO,APP,San Isidro
MOV-0000321,191-6647756-0-77,2026-06-15,Supermercado Kori,-825.08,CARGO,WEB,San Miguel
MOV-0000322,191-6647756-0-77,2026-06-11,Delivery Ñam,-644.32,CARGO,ATM,La Molina
MOV-0000323,191-6647756-0-77,2026-07-19,Farmacia Pacha,-133.35,CARGO,TRANSFERENCIA_DIFERIDA,Chorrillos
MOV-0000324,191-6647756-0-77,2026-08-03,Cine Estelar,-739.3,CARGO,TRANSFERENCIA_INMEDIATA,EN_LINEA
MOV-0000325,191-6647756-0-77,2026-07-02,Cine Estelar,-865.0,CARGO,ATM,Santiago de Surco
MOV-0000326,191-6647756-0-77,2026-07-25,Ferretería Nexo,-292.99,CARGO,TRANSFERENCIA_DIFERIDA,EN_LINEA
MOV-0000327,191-6647756-0-77,2026-08-15,Supermercado Kori,-1154.27,CARGO,POS,Villa El Salvador
MOV-0000328,191-6647756-0-77,2026-07-18,Transferencia P2P,-1093.42,CARGO,TRANSFERENCIA_INMEDIATA,Magdalena del Mar
MOV-0000329,191-6647756-0-77,2026-07-26,StreamAndina,-682.93,CARGO,POS,San Isidro
MOV-0000330,191-6647756-0-77,2026-08-04,Cine Estelar,-1213.8,CARGO,INTIPAY,Magdalena del Mar
MOV-0000331,191-6647756-0-77,2026-08-17,Cajero Banco Inti,-149.56,CARGO,INTIPAY,Santiago de Surco
MOV-0000332,191-6647756-0-77,2026-08-21,Supermercado Kori,-1289.44,CARGO,APP,EN_LINEA
MOV-0000333,191-4074838-0-50,2026-07-19,Tienda Aurora,901.08,ABONO,TRANSFERENCIA_DIFERIDA,San Borja
MOV-0000334,191-4074838-0-50,2026-07-07,Delivery Ñam,-1245.16,CARGO,APP,Villa El Salvador
MOV-0000335,191-4074838-0-50,2026-08-28,Café Andino,-460.41,CARGO,INTIPAY,EN_LINEA
MOV-0000336,191-4074838-0-50,2026-08-30,Cajero Banco Inti,-321.7,CARGO,TRANSFERENCIA_DIFERIDA,Independencia
MOV-0000337,191-4074838-0-50,2026-07-29,Supermercado Kori,297.61,ABONO,WEB,Independencia
MOV-0000338,191-4074838-0-50,2026-08-17,StreamAndina,-217.78,CARGO,TRANSFERENCIA_INMEDIATA,EN_LINEA
MOV-0000339,191-6085543-0-66,2026-07-19,Mercado Inti,-467.76,CARGO,TRANSFERENCIA_DIFERIDA,EN_LINEA
MOV-0000340,191-6085543-0-66,2026-07-16,Tienda Aurora,1398.81,ABONO,TRANSFERENCIA_INMEDIATA,San Juan de Lurigancho
MOV-0000341,191-6085543-0-66,2026-07-31,TaxiYa,-1081.44,CARGO,TRANSFERENCIA_DIFERIDA,Santiago de Surco
MOV-0000342,191-6085543-0-66,2026-06-13,Supermercado Kori,968.84,ABONO,POS,San Borja
MOV-0000343,191-6085543-0-66,2026-07-02,Café Andino,-465.8,CARGO,WEB,Barranco
MOV-0000344,191-6085543-0-66,2026-07-15,Tienda Aurora,-258.72,CARGO,INTIPAY,San Isidro
MOV-0000345,191-6085543-0-66,2026-07-07,Minimarket Tumi,-346.72,CARGO,INTIPAY,Miraflores
MOV-0000346,191-6085543-0-66,2026-06-24,StreamAndina,-157.79,CARGO,TRANSFERENCIA_INMEDIATA,EN_LINEA
MOV-0000347,191-6085543-0-66,2026-08-16,Transferencia P2P,-1297.37,CARGO,TRANSFERENCIA_INMEDIATA,EN_LINEA
MOV-0000348,191-6085543-0-66,2026-08-03,Cajero Banco Inti,-54.36,CARGO,APP,EN_LINEA
MOV-0000349,191-6085543-0-66,2026-09-02,Cine Estelar,-1248.38,CARGO,ATM,Chorrillos
MOV-0000350,191-6085543-0-66,2026-08-24,TaxiYa,-1369.01,CARGO,POS,EN_LINEA
MOV-0000351,191-6085543-0-66,2026-07-06,Farmacia Pacha,1015.53,ABONO,TRANSFERENCIA_DIFERIDA,Chorrillos
MOV-0000352,191-6085543-0-66,2026-07-15,Mercado Inti,-1177.36,CARGO,TRANSFERENCIA_INMEDIATA,Santiago de Surco
MOV-0000353,191-3121468-0-31,2026-07-24,Ferretería Nexo,-1175.25,CARGO,POS,San Isidro
MOV-0000354,191-3121468-0-31,2026-07-06,Cine Estelar,715.27,ABONO,INTIPAY,EN_LINEA
MOV-0000355,191-3121468-0-31,2026-08-27,Delivery Ñam,1017.19,ABONO,WEB,EN_LINEA
MOV-0000356,191-3121468-0-31,2026-06-07,Delivery Ñam,49.06,ABONO,INTIPAY,San Miguel
MOV-0000357,191-3121468-0-31,2026-06-09,Mercado Inti,-72.5,CARGO,TRANSFERENCIA_INMEDIATA,EN_LINEA
MOV-0000358,191-3121468-0-31,2026-07-29,TaxiYa,-1105.94,CARGO,POS,EN_LINEA
MOV-0000359,191-3121468-0-31,2026-07-25,Minimarket Tumi,-1001.0,CARGO,TRANSFERENCIA_DIFERIDA,Miraflores
MOV-0000360,191-3121468-0-31,2026-06-20,TaxiYa,-1366.27,CARGO,INTIPAY,Callao
MOV-0000361,191-3121468-0-31,2026-06-26,Café Andino,-944.0,CARGO,APP,EN_LINEA
MOV-0000362,191-3121468-0-31,2026-07-17,Ferretería Nexo,-704.38,CARGO,ATM,Santiago de Surco
MOV-0000363,191-9904921-0-62,2026-07-16,Ferretería Nexo,1021.82,ABONO,TRANSFERENCIA_INMEDIATA,EN_LINEA
MOV-0000364,191-9904921-0-62,2026-08-31,Farmacia Pacha,-1048.59,CARGO,TRANSFERENCIA_DIFERIDA,Los Olivos
MOV-0000365,191-9904921-0-62,2026-09-03,Café Andino,102.15,ABONO,APP,Chorrillos
MOV-0000366,191-9904921-0-62,2026-07-17,Botica Sumaq,-873.93,CARGO,APP,EN_LINEA
MOV-0000367,191-9904921-0-62,2026-08-23,Ferretería Nexo,-312.9,CARGO,POS,San Borja
MOV-0000368,191-9904921-0-62,2026-06-29,Cine Estelar,-314.65,CARGO,APP,EN_LINEA
MOV-0000369,191-9904921-0-62,2026-06-12,Ferretería Nexo,-702.66,CARGO,INTIPAY,San Borja
MOV-0000370,191-9904921-0-62,2026-08-09,Ferretería Nexo,1209.82,ABONO,APP,EN_LINEA
MOV-0000371,191-9904921-0-62,2026-06-21,Tienda Aurora,-1352.11,CARGO,INTIPAY,Pueblo Libre
MOV-0000372,191-9904921-0-62,2026-07-24,Delivery Ñam,1281.0,ABONO,TRANSFERENCIA_DIFERIDA,San Borja
MOV-0000373,191-9904921-0-62,2026-06-26,Tienda Aurora,-1116.29,CARGO,APP,EN_LINEA
MOV-0000374,191-9250722-0-70,2026-06-15,Cine Estelar,-730.11,CARGO,WEB,Pueblo Libre
MOV-0000375,191-9250722-0-70,2026-06-20,Cajero Banco Inti,-874.64,CARGO,ATM,Lince
MOV-0000376,191-9250722-0-70,2026-06-10,Supermercado Kori,1193.58,ABONO,TRANSFERENCIA_INMEDIATA,EN_LINEA
MOV-0000377,191-9250722-0-70,2026-06-26,Tienda Aurora,-706.6,CARGO,APP,Los Olivos
MOV-0000378,191-9250722-0-70,2026-07-27,StreamAndina,883.87,ABONO,TRANSFERENCIA_DIFERIDA,Magdalena del Mar
MOV-0000379,191-9250722-0-70,2026-06-22,Minimarket Tumi,-940.0,CARGO,ATM,Barranco
MOV-0000380,191-7085393-0-37,2026-08-05,Botica Sumaq,533.32,ABONO,APP,Ate
MOV-0000381,191-7085393-0-37,2026-07-26,Farmacia Pacha,-1182.7,CARGO,TRANSFERENCIA_DIFERIDA,Santiago de Surco
MOV-0000382,191-7085393-0-37,2026-06-08,Transferencia P2P,-1238.51,CARGO,ATM,Independencia
MOV-0000383,191-7085393-0-37,2026-07-10,Cine Estelar,-234.12,CARGO,TRANSFERENCIA_INMEDIATA,EN_LINEA
MOV-0000384,191-7085393-0-37,2026-08-13,Delivery Ñam,-956.54,CARGO,TRANSFERENCIA_INMEDIATA,EN_LINEA
MOV-0000385,191-7085393-0-37,2026-08-02,Cine Estelar,-1052.01,CARGO,WEB,Barranco
MOV-0000386,191-7085393-0-37,2026-07-14,Farmacia Pacha,-665.99,CARGO,ATM,Magdalena del Mar
MOV-0000387,191-7085393-0-37,2026-07-04,Transferencia P2P,456.38,ABONO,TRANSFERENCIA_DIFERIDA,San Isidro
MOV-0000388,191-7085393-0-37,2026-08-28,Delivery Ñam,-987.81,CARGO,ATM,EN_LINEA
MOV-0000389,191-7085393-0-37,2026-08-27,Supermercado Kori,-1215.04,CARGO,POS,San Juan de Lurigancho
MOV-0000390,191-4379216-0-53,2026-08-26,Supermercado Kori,-838.44,CARGO,INTIPAY,San Juan de Lurigancho
MOV-0000391,191-4379216-0-53,2026-07-15,Supermercado Kori,-722.0,CARGO,WEB,EN_LINEA
MOV-0000392,191-4379216-0-53,2026-07-08,Tienda Aurora,-210.76,CARGO,WEB,EN_LINEA
MOV-0000393,191-4379216-0-53,2026-08-21,Transferencia P2P,-579.37,CARGO,TRANSFERENCIA_DIFERIDA,Surquillo
MOV-0000394,191-4379216-0-53,2026-09-02,StreamAndina,-474.27,CARGO,INTIPAY,Pueblo Libre
MOV-0000395,191-4379216-0-53,2026-08-15,Delivery Ñam,-1198.08,CARGO,POS,EN_LINEA
MOV-0000396,191-4379216-0-53,2026-06-18,Ferretería Nexo,22.36,ABONO,INTIPAY,Comas
MOV-0000397,191-4379216-0-53,2026-07-27,Café Andino,419.45,ABONO,WEB,EN_LINEA
MOV-0000398,191-4379216-0-53,2026-06-13,Cajero Banco Inti,-608.13,CARGO,INTIPAY,Santiago de Surco
MOV-0000399,191-4379216-0-53,2026-09-02,Farmacia Pacha,-1084.99,CARGO,TRANSFERENCIA_INMEDIATA,Callao
MOV-0000400,191-4379216-0-53,2026-07-08,Cajero Banco Inti,-877.04,CARGO,TRANSFERENCIA_DIFERIDA,Magdalena del Mar
